<?xml version='1.0' encoding='UTF-8'?>
<?artifactRepository class='org.eclipse.equinox.internal.p2.artifact.repository.simple.SimpleArtifactRepository' version='1.0.0'?>
<repository name='DNA Eclipse REST Client - artifacts' type='org.eclipse.equinox.p2.artifact.repository.simpleRepository' version='1'>
  <properties size='2'>
    <property name='p2.compressed' value='false'/>
    <property name='p2.timestamp' value='1253616705112'/>
  </properties>
  <mappings size='3'>
    <rule filter='(&amp; (classifier=osgi.bundle))' output='${repoUrl}/plugins/${id}_${version}.jar'/>
    <rule filter='(&amp; (classifier=binary))' output='${repoUrl}/binary/${id}_${version}'/>
    <rule filter='(&amp; (classifier=org.eclipse.update.feature))' output='${repoUrl}/features/${id}_${version}.jar'/>
  </mappings>
  <artifacts size='2'>
    <artifact classifier='org.eclipse.update.feature' id='org.jboss.dna.eclipse.jcr.rest.client.feature' version='1.0.0.v20090922'>
      <properties size='2'>
        <property name='artifact.size' value='1896'/>
        <property name='download.size' value='1896'/>
      </properties>
    </artifact>
    <artifact classifier='osgi.bundle' id='org.jboss.dna.eclipse.jcr.rest.client' version='1.0.0'>
      <properties size='3'>
        <property name='artifact.size' value='11372672'/>
        <property name='download.size' value='11372672'/>
        <property name='download.contentType' value='application/zip'/>
      </properties>
    </artifact>
  </artifacts>
</repository>
