<?xml version='1.0' encoding='UTF-8'?>
<?artifactRepository class='org.eclipse.equinox.internal.p2.artifact.repository.simple.SimpleArtifactRepository' version='1.0.0'?>
<repository name='file:/home/dan/Workspaces/designer/org.jboss.dna.web.jcr.rest.client.swt.updatesite/ - artifacts' type='org.eclipse.equinox.p2.artifact.repository.simpleRepository' version='1'>
  <properties size='2'>
    <property name='p2.compressed' value='false'/>
    <property name='p2.timestamp' value='1250696259537'/>
  </properties>
  <mappings size='3'>
    <rule filter='(&amp; (classifier=osgi.bundle))' output='${repoUrl}/plugins/${id}_${version}.jar'/>
    <rule filter='(&amp; (classifier=binary))' output='${repoUrl}/binary/${id}_${version}'/>
    <rule filter='(&amp; (classifier=org.eclipse.update.feature))' output='${repoUrl}/features/${id}_${version}.jar'/>
  </mappings>
  <artifacts size='3'>
    <artifact classifier='osgi.bundle' id='org.jboss.dna.web.jcr.rest.client.swt' version='1.0.0'>
      <properties size='3'>
        <property name='artifact.size' value='10064963'/>
        <property name='download.size' value='10064963'/>
        <property name='download.contentType' value='application/zip'/>
      </properties>
    </artifact>
    <artifact classifier='org.eclipse.update.feature' id='org.jboss.dna.web.jcr.rest.client.swt.feature' version='1.0.0'>
      <properties size='2'>
        <property name='artifact.size' value='1891'/>
        <property name='download.size' value='1891'/>
      </properties>
    </artifact>
    <artifact classifier='org.eclipse.update.feature' id='org.jboss.dna.web.jcr.rest.client.swt.feature' version='1.0.0.v20090819'>
      <properties size='2'>
        <property name='artifact.size' value='1900'/>
        <property name='download.size' value='1900'/>
      </properties>
    </artifact>
  </artifacts>
</repository>
