<?xml version='1.0' encoding='UTF-8'?>
<?metadataRepository class='org.eclipse.equinox.internal.p2.metadata.repository.LocalMetadataRepository' version='1.0.0'?>
<repository name='file:/home/dan/Workspaces/designer/org.jboss.dna.web.jcr.rest.client.swt.updatesite/ - metadata' type='org.eclipse.equinox.internal.p2.metadata.repository.LocalMetadataRepository' version='1'>
  <properties size='2'>
    <property name='p2.compressed' value='false'/>
    <property name='p2.timestamp' value='1250696259539'/>
  </properties>
  <units size='10'>
    <unit id='org.jboss.dna.web.jcr.rest.client.swt.feature.feature.jar' version='1.0.0.v20090819'>
      <update id='org.jboss.dna.web.jcr.rest.client.swt.feature.feature.jar' range='[0.0.0,1.0.0.v20090819)' severity='0'/>
      <properties size='10'>
        <property name='org.eclipse.equinox.p2.name' value='%featureName'/>
        <property name='org.eclipse.equinox.p2.description' value='%description'/>
        <property name='org.eclipse.equinox.p2.description.url' value='http://www.jboss.org/dna/'/>
        <property name='org.eclipse.equinox.p2.provider' value='%featureProvider'/>
        <property name='org.eclipse.update.feature.plugin' value='org.jboss.dna.web.jcr.rest.client.swt'/>
        <property name='df_LT.featureName' value='JBoss DNA JCR REST Eclipse SWT Client'/>
        <property name='df_LT.copyright' value='JBoss DNA JCR REST Eclipse SWT Client (http://www.jboss.org/dna/) is copyright of Red Hat, Inc.'/>
        <property name='df_LT.featureProvider' value='Red Hat, Inc.'/>
        <property name='df_LT.description' value='The JBoss DNA JCR REST Eclipse Client provides a resource publishing and unpublishing capability to DNA repositories.'/>
        <property name='df_LT.license' value='This program and the accompanying materials are made available under the terms of the Eclipse Public License v1.0 which is available at http://www.eclipse.org/legal/epl-v10.html.&#xA;&#xA;Some portions may be licensed to Red Hat, Inc. under one or more contributor license agreements. '/>
      </properties>
      <provides size='4'>
        <provided namespace='org.eclipse.equinox.p2.iu' name='org.jboss.dna.web.jcr.rest.client.swt.feature.feature.jar' version='1.0.0.v20090819'/>
        <provided namespace='org.eclipse.equinox.p2.eclipse.type' name='feature' version='1.0.0'/>
        <provided namespace='org.eclipse.update.feature' name='org.jboss.dna.web.jcr.rest.client.swt.feature' version='1.0.0.v20090819'/>
        <provided namespace='org.eclipse.equinox.p2.localization' name='df_LT' version='1.0.0'/>
      </provides>
      <filter>
        (org.eclipse.update.install.features=true)
      </filter>
      <artifacts size='1'>
        <artifact classifier='org.eclipse.update.feature' id='org.jboss.dna.web.jcr.rest.client.swt.feature' version='1.0.0.v20090819'/>
      </artifacts>
      <touchpoint id='org.eclipse.equinox.p2.osgi' version='1.0.0'/>
      <touchpointData size='1'>
        <instructions size='1'>
          <instruction key='zipped'>
            true
          </instruction>
        </instructions>
      </touchpointData>
      <licenses size='1'>
        <license url='http://www.jboss.org/dna/license'>
          %license
        </license>
      </licenses>
      <copyright url='http://www.jboss.org/dna/'>
        %copyright
      </copyright>
    </unit>
    <unit id='tooling.source.default' version='1.0.0' singleton='false'>
      <hostRequirements size='1'>
        <required namespace='org.eclipse.equinox.p2.eclipse.type' name='source' range='0.0.0' optional='true' multiple='true' greedy='false'/>
      </hostRequirements>
      <properties size='1'>
        <property name='org.eclipse.equinox.p2.type.fragment' value='true'/>
      </properties>
      <provides size='2'>
        <provided namespace='org.eclipse.equinox.p2.iu' name='tooling.source.default' version='1.0.0'/>
        <provided namespace='org.eclipse.equinox.p2.flavor' name='tooling' version='1.0.0'/>
      </provides>
      <requires size='1'>
        <required namespace='org.eclipse.equinox.p2.eclipse.type' name='source' range='0.0.0' optional='true' multiple='true' greedy='false'/>
      </requires>
      <touchpoint id='null' version='0.0.0'/>
      <touchpointData size='1'>
        <instructions size='2'>
          <instruction key='install'>
            addSourceBundle(bundle:${artifact})
          </instruction>
          <instruction key='uninstall'>
            removeSourceBundle(bundle:${artifact})
          </instruction>
        </instructions>
      </touchpointData>
    </unit>
    <unit id='org.jboss.dna.web.jcr.rest.client.swt.feature.feature.group' version='1.0.0.v20090819' singleton='false'>
      <update id='org.jboss.dna.web.jcr.rest.client.swt.feature.feature.group' range='[0.0.0,1.0.0.v20090819)' severity='0'/>
      <properties size='10'>
        <property name='org.eclipse.equinox.p2.name' value='%featureName'/>
        <property name='org.eclipse.equinox.p2.description' value='%description'/>
        <property name='org.eclipse.equinox.p2.description.url' value='http://www.jboss.org/dna/'/>
        <property name='org.eclipse.equinox.p2.provider' value='%featureProvider'/>
        <property name='org.eclipse.equinox.p2.type.group' value='true'/>
        <property name='df_LT.featureName' value='JBoss DNA JCR REST Eclipse SWT Client'/>
        <property name='df_LT.copyright' value='JBoss DNA JCR REST Eclipse SWT Client (http://www.jboss.org/dna/) is copyright of Red Hat, Inc.'/>
        <property name='df_LT.featureProvider' value='Red Hat, Inc.'/>
        <property name='df_LT.description' value='The JBoss DNA JCR REST Eclipse Client provides a resource publishing and unpublishing capability to DNA repositories.'/>
        <property name='df_LT.license' value='This program and the accompanying materials are made available under the terms of the Eclipse Public License v1.0 which is available at http://www.eclipse.org/legal/epl-v10.html.&#xA;&#xA;Some portions may be licensed to Red Hat, Inc. under one or more contributor license agreements. '/>
      </properties>
      <provides size='2'>
        <provided namespace='org.eclipse.equinox.p2.iu' name='org.jboss.dna.web.jcr.rest.client.swt.feature.feature.group' version='1.0.0.v20090819'/>
        <provided namespace='org.eclipse.equinox.p2.localization' name='df_LT' version='1.0.0'/>
      </provides>
      <requires size='5'>
        <required namespace='org.eclipse.equinox.p2.iu' name='org.eclipse.ui' range='0.0.0'/>
        <required namespace='org.eclipse.equinox.p2.iu' name='org.eclipse.core.runtime' range='0.0.0'/>
        <required namespace='org.eclipse.equinox.p2.iu' name='org.eclipse.core.resources' range='0.0.0'/>
        <required namespace='org.eclipse.equinox.p2.iu' name='org.jboss.dna.web.jcr.rest.client.swt' range='[1.0.0,1.0.0]'/>
        <required namespace='org.eclipse.equinox.p2.iu' name='org.jboss.dna.web.jcr.rest.client.swt.feature.feature.jar' range='[1.0.0.v20090819,1.0.0.v20090819]'>
          <filter>
            (org.eclipse.update.install.features=true)
          </filter>
        </required>
      </requires>
      <touchpoint id='null' version='0.0.0'/>
      <licenses size='1'>
        <license url='http://www.jboss.org/dna/license'>
          %license
        </license>
      </licenses>
      <copyright url='http://www.jboss.org/dna/'>
        %copyright
      </copyright>
    </unit>
    <unit id='org.jboss.dna.web.jcr.rest.client.swt' version='1.0.0'>
      <update id='org.jboss.dna.web.jcr.rest.client.swt' range='[0.0.0,1.0.0)' severity='0'/>
      <properties size='4'>
        <property name='df_LT.bundleVendor' value='Red Hat, Inc.'/>
        <property name='df_LT.bundleName' value='DNA Eclipse Publishing UI Plug-in'/>
        <property name='org.eclipse.equinox.p2.name' value='%bundleName'/>
        <property name='org.eclipse.equinox.p2.provider' value='%bundleVendor'/>
      </properties>
      <provides size='4'>
        <provided namespace='org.eclipse.equinox.p2.iu' name='org.jboss.dna.web.jcr.rest.client.swt' version='1.0.0'/>
        <provided namespace='osgi.bundle' name='org.jboss.dna.web.jcr.rest.client.swt' version='1.0.0'/>
        <provided namespace='org.eclipse.equinox.p2.eclipse.type' name='bundle' version='1.0.0'/>
        <provided namespace='org.eclipse.equinox.p2.localization' name='df_LT' version='1.0.0'/>
      </provides>
      <requires size='6'>
        <required namespace='osgi.bundle' name='org.eclipse.ui' range='0.0.0'/>
        <required namespace='osgi.bundle' name='org.eclipse.core.runtime' range='0.0.0'/>
        <required namespace='osgi.bundle' name='org.eclipse.core.resources' range='0.0.0'/>
        <required namespace='osgi.bundle' name='org.eclipse.ui.console' range='0.0.0'/>
        <required namespace='osgi.bundle' name='org.eclipse.jface.text' range='0.0.0'/>
        <required namespace='osgi.bundle' name='org.eclipse.help' range='3.3.101'/>
      </requires>
      <artifacts size='1'>
        <artifact classifier='osgi.bundle' id='org.jboss.dna.web.jcr.rest.client.swt' version='1.0.0'/>
      </artifacts>
      <touchpoint id='org.eclipse.equinox.p2.osgi' version='1.0.0'/>
      <touchpointData size='1'>
        <instructions size='2'>
          <instruction key='manifest'>
            Bundle-ManifestVersion: 2&#xA;Bundle-RequiredExecutionEnvironment: JavaSE-1.6&#xA;Bundle-Localization: plugin&#xA;Require-Bundle: org.eclipse.ui,org.eclipse.core.runtime,org.eclipse.core.resources,org.eclipse.ui.console,org.eclipse.jface.text,org.eclipse.help;bundle-version=&quot;3.3.101&quot;&#xA;Bundle-Activator: org.jboss.dna.web.jcr.rest.client.swt.Activator&#xA;Bundle-Name: %bundleName&#xA;Bundle-Version: 1.0.0&#xA;Bundle-Vendor: %bundleVendor&#xA;Bundle-SymbolicName: org.jboss.dna.web.jcr.rest.client.swt;singleton:=true&#xA;Bundle-ActivationPolicy: lazy&#xA;Bundle-ClassPath: dna-web-jcr-rest-client-0.6-SNAPSHOT-jar-with-dependencies.jar,dnaPublishUi.jar&#xA;Manifest-Version: 1.0&#xA;
          </instruction>
          <instruction key='zipped'>
            true
          </instruction>
        </instructions>
      </touchpointData>
    </unit>
    <unit id='org.jboss.dna.web.jcr.rest.client.swt.feature.feature.group' version='1.0.0' singleton='false'>
      <update id='org.jboss.dna.web.jcr.rest.client.swt.feature.feature.group' range='[0.0.0,1.0.0)' severity='0'/>
      <properties size='10'>
        <property name='org.eclipse.equinox.p2.name' value='%featureName'/>
        <property name='org.eclipse.equinox.p2.description' value='%description'/>
        <property name='org.eclipse.equinox.p2.description.url' value='http://www.jboss.org/dna/'/>
        <property name='org.eclipse.equinox.p2.provider' value='%featureProvider'/>
        <property name='org.eclipse.equinox.p2.type.group' value='true'/>
        <property name='df_LT.featureName' value='JBoss DNA JCR REST Eclipse SWT Client'/>
        <property name='df_LT.copyright' value='JBoss DNA JCR REST Eclipse SWT Client (http://www.jboss.org/dna/) is copyright of Red Hat, Inc.'/>
        <property name='df_LT.featureProvider' value='Red Hat, Inc.'/>
        <property name='df_LT.description' value='The JBoss DNA JCR REST Eclipse Client provides a resource publishing and unpublishing capability to DNA repositories.'/>
        <property name='df_LT.license' value='This program and the accompanying materials are made available under the terms of the Eclipse Public License v1.0 which is available at http://www.eclipse.org/legal/epl-v10.html.&#xA;&#xA;Some portions may be licensed to Red Hat, Inc. under one or more contributor license agreements. '/>
      </properties>
      <provides size='2'>
        <provided namespace='org.eclipse.equinox.p2.iu' name='org.jboss.dna.web.jcr.rest.client.swt.feature.feature.group' version='1.0.0'/>
        <provided namespace='org.eclipse.equinox.p2.localization' name='df_LT' version='1.0.0'/>
      </provides>
      <requires size='5'>
        <required namespace='org.eclipse.equinox.p2.iu' name='org.eclipse.ui' range='0.0.0'/>
        <required namespace='org.eclipse.equinox.p2.iu' name='org.eclipse.core.runtime' range='0.0.0'/>
        <required namespace='org.eclipse.equinox.p2.iu' name='org.eclipse.core.resources' range='0.0.0'/>
        <required namespace='org.eclipse.equinox.p2.iu' name='org.jboss.dna.web.jcr.rest.client.swt' range='[1.0.0,1.0.0]'/>
        <required namespace='org.eclipse.equinox.p2.iu' name='org.jboss.dna.web.jcr.rest.client.swt.feature.feature.jar' range='[1.0.0,1.0.0]'>
          <filter>
            (org.eclipse.update.install.features=true)
          </filter>
        </required>
      </requires>
      <touchpoint id='null' version='0.0.0'/>
      <licenses size='1'>
        <license url='http://www.jboss.org/dna/license'>
          %license
        </license>
      </licenses>
      <copyright url='http://www.jboss.org/dna/'>
        %copyright
      </copyright>
    </unit>
    <unit id='org.jboss.dna.web.jcr.rest.client.swt.feature.feature.jar' version='1.0.0'>
      <update id='org.jboss.dna.web.jcr.rest.client.swt.feature.feature.jar' range='[0.0.0,1.0.0)' severity='0'/>
      <properties size='10'>
        <property name='org.eclipse.equinox.p2.name' value='%featureName'/>
        <property name='org.eclipse.equinox.p2.description' value='%description'/>
        <property name='org.eclipse.equinox.p2.description.url' value='http://www.jboss.org/dna/'/>
        <property name='org.eclipse.equinox.p2.provider' value='%featureProvider'/>
        <property name='org.eclipse.update.feature.plugin' value='org.jboss.dna.web.jcr.rest.client.swt'/>
        <property name='df_LT.featureName' value='JBoss DNA JCR REST Eclipse SWT Client'/>
        <property name='df_LT.copyright' value='JBoss DNA JCR REST Eclipse SWT Client (http://www.jboss.org/dna/) is copyright of Red Hat, Inc.'/>
        <property name='df_LT.featureProvider' value='Red Hat, Inc.'/>
        <property name='df_LT.description' value='The JBoss DNA JCR REST Eclipse Client provides a resource publishing and unpublishing capability to DNA repositories.'/>
        <property name='df_LT.license' value='This program and the accompanying materials are made available under the terms of the Eclipse Public License v1.0 which is available at http://www.eclipse.org/legal/epl-v10.html.&#xA;&#xA;Some portions may be licensed to Red Hat, Inc. under one or more contributor license agreements. '/>
      </properties>
      <provides size='4'>
        <provided namespace='org.eclipse.equinox.p2.iu' name='org.jboss.dna.web.jcr.rest.client.swt.feature.feature.jar' version='1.0.0'/>
        <provided namespace='org.eclipse.equinox.p2.eclipse.type' name='feature' version='1.0.0'/>
        <provided namespace='org.eclipse.update.feature' name='org.jboss.dna.web.jcr.rest.client.swt.feature' version='1.0.0'/>
        <provided namespace='org.eclipse.equinox.p2.localization' name='df_LT' version='1.0.0'/>
      </provides>
      <filter>
        (org.eclipse.update.install.features=true)
      </filter>
      <artifacts size='1'>
        <artifact classifier='org.eclipse.update.feature' id='org.jboss.dna.web.jcr.rest.client.swt.feature' version='1.0.0'/>
      </artifacts>
      <touchpoint id='org.eclipse.equinox.p2.osgi' version='1.0.0'/>
      <touchpointData size='1'>
        <instructions size='1'>
          <instruction key='zipped'>
            true
          </instruction>
        </instructions>
      </touchpointData>
      <licenses size='1'>
        <license url='http://www.jboss.org/dna/license'>
          %license
        </license>
      </licenses>
      <copyright url='http://www.jboss.org/dna/'>
        %copyright
      </copyright>
    </unit>
    <unit id='tooling.osgi.bundle.default' version='1.0.0' singleton='false'>
      <hostRequirements size='1'>
        <required namespace='org.eclipse.equinox.p2.eclipse.type' name='bundle' range='0.0.0' multiple='true' greedy='false'/>
      </hostRequirements>
      <properties size='1'>
        <property name='org.eclipse.equinox.p2.type.fragment' value='true'/>
      </properties>
      <provides size='2'>
        <provided namespace='org.eclipse.equinox.p2.iu' name='tooling.osgi.bundle.default' version='1.0.0'/>
        <provided namespace='org.eclipse.equinox.p2.flavor' name='tooling' version='1.0.0'/>
      </provides>
      <requires size='1'>
        <required namespace='org.eclipse.equinox.p2.eclipse.type' name='bundle' range='0.0.0' multiple='true' greedy='false'/>
      </requires>
      <touchpoint id='null' version='0.0.0'/>
      <touchpointData size='1'>
        <instructions size='4'>
          <instruction key='install'>
            installBundle(bundle:${artifact})
          </instruction>
          <instruction key='uninstall'>
            uninstallBundle(bundle:${artifact})
          </instruction>
          <instruction key='unconfigure'>

          </instruction>
          <instruction key='configure'>
            setStartLevel(startLevel:4);
          </instruction>
        </instructions>
      </touchpointData>
    </unit>
    <unit id='tooling.org.eclipse.update.feature.default' version='1.0.0' singleton='false'>
      <hostRequirements size='1'>
        <required namespace='org.eclipse.equinox.p2.eclipse.type' name='feature' range='0.0.0' optional='true' multiple='true' greedy='false'/>
      </hostRequirements>
      <properties size='1'>
        <property name='org.eclipse.equinox.p2.type.fragment' value='true'/>
      </properties>
      <provides size='2'>
        <provided namespace='org.eclipse.equinox.p2.iu' name='tooling.org.eclipse.update.feature.default' version='1.0.0'/>
        <provided namespace='org.eclipse.equinox.p2.flavor' name='tooling' version='1.0.0'/>
      </provides>
      <requires size='1'>
        <required namespace='org.eclipse.equinox.p2.eclipse.type' name='feature' range='0.0.0' optional='true' multiple='true' greedy='false'/>
      </requires>
      <filter>
        (org.eclipse.update.install.features=true)
      </filter>
      <touchpoint id='null' version='0.0.0'/>
      <touchpointData size='1'>
        <instructions size='2'>
          <instruction key='install'>
            installFeature(feature:${artifact},featureId:default,featureVersion:default)
          </instruction>
          <instruction key='uninstall'>
            uninstallFeature(feature:${artifact},featureId:default,featureVersion:default)
          </instruction>
        </instructions>
      </touchpointData>
    </unit>
    <unit id='config.a.jre' version='1.6.0' singleton='false'>
      <hostRequirements size='1'>
        <required namespace='org.eclipse.equinox.p2.iu' name='a.jre' range='1.6.0'/>
      </hostRequirements>
      <properties size='1'>
        <property name='org.eclipse.equinox.p2.type.fragment' value='true'/>
      </properties>
      <provides size='1'>
        <provided namespace='org.eclipse.equinox.p2.iu' name='config.a.jre' version='1.6.0'/>
      </provides>
      <requires size='1'>
        <required namespace='org.eclipse.equinox.p2.iu' name='a.jre' range='1.6.0'/>
      </requires>
      <touchpoint id='org.eclipse.equinox.p2.native' version='1.0.0'/>
      <touchpointData size='1'>
        <instructions size='1'>
          <instruction key='install'>

          </instruction>
        </instructions>
      </touchpointData>
    </unit>
    <unit id='a.jre' version='1.6.0' singleton='false'>
      <provides size='117'>
        <provided namespace='org.eclipse.equinox.p2.iu' name='a.jre' version='1.6.0'/>
        <provided namespace='java.package' name='javax.accessibility' version='0.0.0'/>
        <provided namespace='java.package' name='javax.activity' version='0.0.0'/>
        <provided namespace='java.package' name='javax.crypto' version='0.0.0'/>
        <provided namespace='java.package' name='javax.crypto.interfaces' version='0.0.0'/>
        <provided namespace='java.package' name='javax.crypto.spec' version='0.0.0'/>
        <provided namespace='java.package' name='javax.imageio' version='0.0.0'/>
        <provided namespace='java.package' name='javax.imageio.event' version='0.0.0'/>
        <provided namespace='java.package' name='javax.imageio.metadata' version='0.0.0'/>
        <provided namespace='java.package' name='javax.imageio.plugins.bmp' version='0.0.0'/>
        <provided namespace='java.package' name='javax.imageio.plugins.jpeg' version='0.0.0'/>
        <provided namespace='java.package' name='javax.imageio.spi' version='0.0.0'/>
        <provided namespace='java.package' name='javax.imageio.stream' version='0.0.0'/>
        <provided namespace='java.package' name='javax.management' version='0.0.0'/>
        <provided namespace='java.package' name='javax.management.loading' version='0.0.0'/>
        <provided namespace='java.package' name='javax.management.modelmbean' version='0.0.0'/>
        <provided namespace='java.package' name='javax.management.monitor' version='0.0.0'/>
        <provided namespace='java.package' name='javax.management.openmbean' version='0.0.0'/>
        <provided namespace='java.package' name='javax.management.relation' version='0.0.0'/>
        <provided namespace='java.package' name='javax.management.remote' version='0.0.0'/>
        <provided namespace='java.package' name='javax.management.remote.rmi' version='0.0.0'/>
        <provided namespace='java.package' name='javax.management.timer' version='0.0.0'/>
        <provided namespace='java.package' name='javax.naming' version='0.0.0'/>
        <provided namespace='java.package' name='javax.naming.directory' version='0.0.0'/>
        <provided namespace='java.package' name='javax.naming.event' version='0.0.0'/>
        <provided namespace='java.package' name='javax.naming.ldap' version='0.0.0'/>
        <provided namespace='java.package' name='javax.naming.spi' version='0.0.0'/>
        <provided namespace='java.package' name='javax.net' version='0.0.0'/>
        <provided namespace='java.package' name='javax.net.ssl' version='0.0.0'/>
        <provided namespace='java.package' name='javax.print' version='0.0.0'/>
        <provided namespace='java.package' name='javax.print.attribute' version='0.0.0'/>
        <provided namespace='java.package' name='javax.print.attribute.standard' version='0.0.0'/>
        <provided namespace='java.package' name='javax.print.event' version='0.0.0'/>
        <provided namespace='java.package' name='javax.rmi' version='0.0.0'/>
        <provided namespace='java.package' name='javax.rmi.CORBA' version='0.0.0'/>
        <provided namespace='java.package' name='javax.rmi.ssl' version='0.0.0'/>
        <provided namespace='java.package' name='javax.security.auth' version='0.0.0'/>
        <provided namespace='java.package' name='javax.security.auth.callback' version='0.0.0'/>
        <provided namespace='java.package' name='javax.security.auth.kerberos' version='0.0.0'/>
        <provided namespace='java.package' name='javax.security.auth.login' version='0.0.0'/>
        <provided namespace='java.package' name='javax.security.auth.spi' version='0.0.0'/>
        <provided namespace='java.package' name='javax.security.auth.x500' version='0.0.0'/>
        <provided namespace='java.package' name='javax.security.cert' version='0.0.0'/>
        <provided namespace='java.package' name='javax.security.sasl' version='0.0.0'/>
        <provided namespace='java.package' name='javax.sound.midi' version='0.0.0'/>
        <provided namespace='java.package' name='javax.sound.midi.spi' version='0.0.0'/>
        <provided namespace='java.package' name='javax.sound.sampled' version='0.0.0'/>
        <provided namespace='java.package' name='javax.sound.sampled.spi' version='0.0.0'/>
        <provided namespace='java.package' name='javax.sql' version='0.0.0'/>
        <provided namespace='java.package' name='javax.sql.rowset' version='0.0.0'/>
        <provided namespace='java.package' name='javax.sql.rowset.serial' version='0.0.0'/>
        <provided namespace='java.package' name='javax.sql.rowset.spi' version='0.0.0'/>
        <provided namespace='java.package' name='javax.swing' version='0.0.0'/>
        <provided namespace='java.package' name='javax.swing.border' version='0.0.0'/>
        <provided namespace='java.package' name='javax.swing.colorchooser' version='0.0.0'/>
        <provided namespace='java.package' name='javax.swing.event' version='0.0.0'/>
        <provided namespace='java.package' name='javax.swing.filechooser' version='0.0.0'/>
        <provided namespace='java.package' name='javax.swing.plaf' version='0.0.0'/>
        <provided namespace='java.package' name='javax.swing.plaf.basic' version='0.0.0'/>
        <provided namespace='java.package' name='javax.swing.plaf.metal' version='0.0.0'/>
        <provided namespace='java.package' name='javax.swing.plaf.multi' version='0.0.0'/>
        <provided namespace='java.package' name='javax.swing.plaf.synth' version='0.0.0'/>
        <provided namespace='java.package' name='javax.swing.table' version='0.0.0'/>
        <provided namespace='java.package' name='javax.swing.text' version='0.0.0'/>
        <provided namespace='java.package' name='javax.swing.text.html' version='0.0.0'/>
        <provided namespace='java.package' name='javax.swing.text.html.parser' version='0.0.0'/>
        <provided namespace='java.package' name='javax.swing.text.rtf' version='0.0.0'/>
        <provided namespace='java.package' name='javax.swing.tree' version='0.0.0'/>
        <provided namespace='java.package' name='javax.swing.undo' version='0.0.0'/>
        <provided namespace='java.package' name='javax.transaction' version='0.0.0'/>
        <provided namespace='java.package' name='javax.transaction.xa' version='0.0.0'/>
        <provided namespace='java.package' name='javax.xml' version='0.0.0'/>
        <provided namespace='java.package' name='javax.xml.datatype' version='0.0.0'/>
        <provided namespace='java.package' name='javax.xml.namespace' version='0.0.0'/>
        <provided namespace='java.package' name='javax.xml.parsers' version='0.0.0'/>
        <provided namespace='java.package' name='javax.xml.transform' version='0.0.0'/>
        <provided namespace='java.package' name='javax.xml.transform.dom' version='0.0.0'/>
        <provided namespace='java.package' name='javax.xml.transform.sax' version='0.0.0'/>
        <provided namespace='java.package' name='javax.xml.transform.stream' version='0.0.0'/>
        <provided namespace='java.package' name='javax.xml.validation' version='0.0.0'/>
        <provided namespace='java.package' name='javax.xml.xpath' version='0.0.0'/>
        <provided namespace='java.package' name='org.ietf.jgss' version='0.0.0'/>
        <provided namespace='java.package' name='org.omg.CORBA' version='0.0.0'/>
        <provided namespace='java.package' name='org.omg.CORBA_2_3' version='0.0.0'/>
        <provided namespace='java.package' name='org.omg.CORBA_2_3.portable' version='0.0.0'/>
        <provided namespace='java.package' name='org.omg.CORBA.DynAnyPackage' version='0.0.0'/>
        <provided namespace='java.package' name='org.omg.CORBA.ORBPackage' version='0.0.0'/>
        <provided namespace='java.package' name='org.omg.CORBA.portable' version='0.0.0'/>
        <provided namespace='java.package' name='org.omg.CORBA.TypeCodePackage' version='0.0.0'/>
        <provided namespace='java.package' name='org.omg.CosNaming' version='0.0.0'/>
        <provided namespace='java.package' name='org.omg.CosNaming.NamingContextExtPackage' version='0.0.0'/>
        <provided namespace='java.package' name='org.omg.CosNaming.NamingContextPackage' version='0.0.0'/>
        <provided namespace='java.package' name='org.omg.Dynamic' version='0.0.0'/>
        <provided namespace='java.package' name='org.omg.DynamicAny' version='0.0.0'/>
        <provided namespace='java.package' name='org.omg.DynamicAny.DynAnyFactoryPackage' version='0.0.0'/>
        <provided namespace='java.package' name='org.omg.DynamicAny.DynAnyPackage' version='0.0.0'/>
        <provided namespace='java.package' name='org.omg.IOP' version='0.0.0'/>
        <provided namespace='java.package' name='org.omg.IOP.CodecFactoryPackage' version='0.0.0'/>
        <provided namespace='java.package' name='org.omg.IOP.CodecPackage' version='0.0.0'/>
        <provided namespace='java.package' name='org.omg.Messaging' version='0.0.0'/>
        <provided namespace='java.package' name='org.omg.PortableInterceptor' version='0.0.0'/>
        <provided namespace='java.package' name='org.omg.PortableInterceptor.ORBInitInfoPackage' version='0.0.0'/>
        <provided namespace='java.package' name='org.omg.PortableServer' version='0.0.0'/>
        <provided namespace='java.package' name='org.omg.PortableServer.CurrentPackage' version='0.0.0'/>
        <provided namespace='java.package' name='org.omg.PortableServer.POAManagerPackage' version='0.0.0'/>
        <provided namespace='java.package' name='org.omg.PortableServer.POAPackage' version='0.0.0'/>
        <provided namespace='java.package' name='org.omg.PortableServer.portable' version='0.0.0'/>
        <provided namespace='java.package' name='org.omg.PortableServer.ServantLocatorPackage' version='0.0.0'/>
        <provided namespace='java.package' name='org.omg.SendingContext' version='0.0.0'/>
        <provided namespace='java.package' name='org.omg.stub.java.rmi' version='0.0.0'/>
        <provided namespace='java.package' name='org.w3c.dom' version='0.0.0'/>
        <provided namespace='java.package' name='org.w3c.dom.bootstrap' version='0.0.0'/>
        <provided namespace='java.package' name='org.w3c.dom.events' version='0.0.0'/>
        <provided namespace='java.package' name='org.w3c.dom.ls' version='0.0.0'/>
        <provided namespace='java.package' name='org.xml.sax' version='0.0.0'/>
        <provided namespace='java.package' name='org.xml.sax.ext' version='0.0.0'/>
        <provided namespace='java.package' name='org.xml.sax.helpers' version='0.0.0'/>
      </provides>
      <touchpoint id='org.eclipse.equinox.p2.native' version='1.0.0'/>
    </unit>
  </units>
</repository>
